Nr. crt.,Legitimație,Disciplina,Nota
116,1158,Matematică,10.00
532,1670,Matematică,10.00
794,1969,Matematică,10.00
168,1220,Matematică,9.87
524,1661,Matematică,9.87
1115,2339,Matematică,9.87
1131,2358,Matematică,9.87
1451,2714,Matematică,9.87
121,1163,Matematică,9.81
481,1612,Matematică,9.81
686,1846,Matematică,9.79
716,1883,Matematică,9.75
262,1337,Matematică,9.68
538,1677,Matematică,9.68
844,2027,Matematică,9.68
1107,2331,Matematică,9.68
155,1205,Matematică,9.62
163,1214,Matematică,9.62
181,1236,Matematică,9.62
205,1268,Informatică,9.62
351,1452,Matematică,9.62
387,1503,Matematică,9.62
655,1812,Matematică,9.62
705,1869,Matematică,9.62
711,1877,Matematică,9.62
1012,2216,Matematică,9.62
1047,2259,Matematică,9.62
39,1053,Informatică,9.56
285,1363,Matematică,9.56
1211,2452,Informatică,9.56
12,1015,Matematică,9.50
583,1731,Matematică,9.50
777,1948,Matematică,9.50
946,2146,Informatică,9.50
1058,2272,Matematică,9.50
1193,2429,Matematică,9.50
736,1904,Informatică,9.43
1271,2518,Matematică,9.43
503,1638,Informatică,9.37
636,1790,Informatică,9.37
1052,2265,Matematică,9.37
1168,2402,Informatică,9.37
1367,2622,Informatică,9.37
179,1234,Informatică,9.31
337,1435,Matematică,9.31
349,1449,Informatică,9.31
376,1482,Matematică,9.31
407,1523,Matematică,9.31
460,1587,Matematică,9.31
520,1657,Matematică,9.31
884,2077,Informatică,9.31
1219,2460,Matematică,9.31
1095,2317,Informatică,9.29
22,1030,Informatică,9.25
31,1041,Matematică,9.25
459,1586,Matematică,9.25
488,1620,Matematică,9.25
878,2071,Informatică,9.25
956,2156,Informatică,9.25
1143,2372,Matematică,9.25
1221,2463,Matematică,9.25
1333,2582,Matematică,9.25
100,1137,Informatică,9.23
61,1087,Informatică,9.19
201,1264,Informatică,9.19
99,1135,Informatică,9.18
223,1288,Informatică,9.18
371,1475,Informatică,9.18
630,1783,Informatică,9.18
718,1885,Informatică,9.18
1041,2250,Informatică,9.18
1146,2376,Informatică,9.18
1147,2377,Informatică,9.18
1359,2612,Informatică,9.18
8,1009,Matematică,9.12
68,1099,Matematică,9.12
182,1239,Matematică,9.12
257,1329,Informatică,9.12
457,1584,Informatică,9.12
463,1590,Informatică,9.12
506,1641,Matematică,9.12
602,1754,Matematică,9.12
918,2114,Matematică,9.12
1148,2378,Matematică,9.12
11,1014,Matematică,9.06
165,1217,Matematică,9.06
305,1387,Informatică,9.06
447,1574,Informatică,9.06
710,1876,Matematică,9.06
800,1977,Matematică,9.06
935,2134,Informatică,9.06
982,2184,Informatică,9.06
1017,2221,Matematică,9.06
1170,2404,Informatică,9.06
1378,2634,Matematică,9.06
439,1561,Informatică,9.04
1285,2532,Informatică,9.04
71,1102,Informatică,9.00
235,1303,Informatică,9.00
454,1581,Matematică,9.00
498,1633,Informatică,9.00
573,1720,Matematică,9.00
607,1759,Informatică,9.00
669,1828,Informatică,9.00
814,1995,Matematică,9.00
7,1008,Informatică,8.94
125,1167,Informatică,8.94
399,1515,Informatică,8.94
849,2035,Informatică,8.94
984,2186,Matematică,8.94
87,1120,Informatică,8.93
274,1350,Matematică,8.93
395,1511,Matematică,8.93
432,1552,Informatică,8.93
768,1939,Informatică,8.93
832,2014,Matematică,8.93
1033,2242,Matematică,8.93
1111,2335,Matematică,8.93
315,1401,Informatică,8.91
1077,2297,Informatică,8.90
24,1032,Informatică,8.87
110,1150,Informatică,8.87
159,1210,Informatică,8.87
186,1245,Matematică,8.87
309,1393,Informatică,8.87
391,1507,Informatică,8.87
410,1526,Matematică,8.87
417,1536,Informatică,8.87
471,1600,Informatică,8.87
645,1799,Matematică,8.87
646,1801,Informatică,8.87
726,1894,Matematică,8.87
730,1898,Informatică,8.87
781,1953,Informatică,8.87
786,1959,Informatică,8.87
842,2025,Informatică,8.87
893,2087,Informatică,8.87
1226,2471,Informatică,8.87
90,1123,Informatică,8.85
216,1281,Informatică,8.85
333,1429,Informatică,8.85
412,1528,Informatică,8.85
677,1836,Informatică,8.85
856,2043,Informatică,8.83
65,1093,Matematică,8.81
152,1202,Informatică,8.81
354,1456,Informatică,8.81
544,1685,Informatică,8.81
554,1699,Informatică,8.81
627,1780,Matematică,8.81
766,1937,Matematică,8.81
1025,2230,Informatică,8.81
1236,2482,Informatică,8.81
36,1047,Informatică,8.79
62,1089,Informatică,8.79
208,1271,Informatică,8.79
684,1843,Informatică,8.79
915,2111,Informatică,8.77
21,1026,Informatică,8.75
75,1108,Informatică,8.75
92,1126,Informatică,8.75
217,1282,Matematică,8.75
238,1306,Informatică,8.75
258,1330,Informatică,8.75
326,1418,Informatică,8.75
328,1423,Informatică,8.75
425,1544,Informatică,8.75
706,1870,Matematică,8.75
905,2100,Matematică,8.75
1056,2270,Informatică,8.75
1159,2390,Informatică,8.75
1209,2450,Informatică,8.75
1218,2459,Informatică,8.75
1231,2477,Matematică,8.75
1349,2601,Matematică,8.75
434,1555,Informatică,8.73
888,2082,Informatică,8.73
980,2182,Informatică,8.73
1370,2625,Matematică,8.73
114,1155,Matematică,8.69
136,1181,Matematică,8.69
254,1326,Informatică,8.69
484,1616,Matematică,8.69
511,1647,Informatică,8.69
829,2011,Informatică,8.69
942,2141,Informatică,8.69
976,2177,Informatică,8.69
221,1286,Informatică,8.68
281,1357,Matematică,8.68
938,2137,Informatică,8.68
603,1755,Informatică,8.67
932,2131,Informatică,8.65
2,1002,Informatică,8.62
89,1122,Informatică,8.62
96,1131,Informatică,8.62
192,1255,Informatică,8.62
248,1319,Informatică,8.62
289,1368,Informatică,8.62
291,1370,Informatică,8.62
431,1550,Informatică,8.62
467,1596,Informatică,8.62
480,1611,Informatică,8.62
577,1724,Informatică,8.62
615,1768,Informatică,8.62
650,1807,Informatică,8.62
665,1822,Informatică,8.62
767,1938,Informatică,8.62
910,2106,Informatică,8.62
911,2107,Matematică,8.62
966,2166,Matematică,8.62
990,2192,Informatică,8.62
1064,2281,Matematică,8.62
1197,2435,Matematică,8.62
296,1376,Informatică,8.60
111,1151,Matematică,8.56
231,1299,Informatică,8.56
259,1332,Informatică,8.56
323,1414,Matematică,8.56
379,1492,Matematică,8.56
421,1540,Informatică,8.56
442,1569,Informatică,8.56
465,1594,Matematică,8.56
469,1598,Matematică,8.56
493,1626,Matematică,8.56
499,1634,Matematică,8.56
576,1723,Informatică,8.56
667,1824,Informatică,8.56
732,1900,Matematică,8.56
774,1945,Informatică,8.56
836,2018,Informatică,8.56
896,2090,Matematică,8.56
925,2123,Matematică,8.56
998,2201,Informatică,8.56
1023,2227,Matematică,8.56
1076,2296,Informatică,8.56
1327,2576,Matematică,8.56
1331,2580,Informatică,8.56
1354,2606,Matematică,8.56
1369,2624,Matematică,8.56
1414,2675,Informatică,8.56
184,1241,Informatică,8.54
567,1714,Informatică,8.54
597,1747,Informatică,8.54
623,1776,Informatică,8.54
55,1077,Matematică,8.50
191,1254,Informatică,8.50
214,1279,Informatică,8.50
345,1444,Informatică,8.50
356,1458,Matematică,8.50
450,1577,Informatică,8.50
485,1617,Informatică,8.50
699,1862,Informatică,8.50
769,1940,Informatică,8.50
828,2010,Informatică,8.50
862,2050,Informatică,8.50
959,2159,Matematică,8.50
987,2189,Informatică,8.50
1126,2352,Informatică,8.50
1388,2644,Matematică,8.50
170,1224,Informatică,8.48
389,1505,Informatică,8.48
593,1743,Informatică,8.48
876,2068,Informatică,8.48
1029,2236,Informatică,8.48
1230,2476,Informatică,8.48
1290,2537,Informatică,8.48
1408,2669,Informatică,8.48
1393,2650,Informatică,8.46
33,1044,Matematică,8.44
67,1096,Informatică,8.44
143,1191,Informatică,8.44
321,1411,Informatică,8.44
500,1635,Informatică,8.44
671,1830,Informatică,8.44
780,1952,Matematică,8.44
783,1956,Informatică,8.44
802,1980,Informatică,8.44
803,1981,Informatică,8.44
852,2039,Matematică,8.44
913,2109,Informatică,8.44
1121,2347,Informatică,8.44
1263,2510,Matematică,8.44
1357,2610,Matematică,8.44
1392,2648,Matematică,8.44
1494,2764,Informatică,8.44
29,1038,Informatică,8.43
543,1684,Informatică,8.43
547,1689,Informatică,8.43
797,1974,Informatică,8.43
833,2015,Informatică,8.43
1088,2309,Informatică,8.43
5,1005,Informatică,8.42
220,1285,Informatică,8.42
293,1372,Informatică,8.42
571,1718,Informatică,8.42
926,2124,Informatică,8.41
1345,2596,Informatică,8.41
45,1065,Informatică,8.38
823,2005,Matematică,8.38
945,2145,Informatică,8.38
35,1046,Informatică,8.37
145,1193,Informatică,8.37
146,1194,Matematică,8.37
276,1352,Informatică,8.37
284,1362,Informatică,8.37
342,1440,Informatică,8.37
396,1512,Informatică,8.37
430,1549,Informatică,8.37
568,1715,Informatică,8.37
575,1722,Matematică,8.37
626,1779,Informatică,8.37
648,1805,Informatică,8.37
658,1815,Matematică,8.37
821,2003,Informatică,8.37
841,2024,Informatică,8.37
914,2110,Informatică,8.37
979,2181,Matematică,8.37
1009,2213,Informatică,8.37
1011,2215,Informatică,8.37
1114,2338,Matematică,8.37
1167,2399,Informatică,8.37
1365,2620,Informatică,8.37
206,1269,Informatică,8.35
242,1311,Informatică,8.35
988,2190,Informatică,8.35
1075,2294,Informatică,8.35
1164,2396,Informatică,8.35
1214,2455,Informatică,8.35
1224,2467,Informatică,8.35
49,1070,Informatică,8.31
102,1139,Informatică,8.31
166,1218,Matematică,8.31
240,1309,Informatică,8.31
377,1485,Informatică,8.31
426,1545,Informatică,8.31
466,1595,Informatică,8.31
521,1658,Informatică,8.31
701,1864,Informatică,8.31
816,1997,Informatică,8.31
838,2020,Informatică,8.31
871,2061,Matematică,8.31
904,2099,Matematică,8.31
1048,2261,Informatică,8.31
1081,2301,Informatică,8.31
1106,2329,Matematică,8.31
1152,2382,Informatică,8.31
1237,2483,Informatică,8.31
1269,2516,Matematică,8.31
1299,2546,Matematică,8.31
1355,2607,Informatică,8.31
118,1160,Informatică,8.29
868,2058,Informatică,8.29
1361,2614,Informatică,8.29
1140,2368,Informatică,8.27
335,1432,Informatică,8.25
346,1446,Informatică,8.25
550,1694,Informatică,8.25
651,1808,Matematică,8.25
663,1820,Informatică,8.25
707,1871,Matematică,8.25
795,1972,Informatică,8.25
861,2049,Informatică,8.25
872,2062,Matematică,8.25
973,2174,Informatică,8.25
1008,2212,Informatică,8.25
1179,2413,Informatică,8.25
1322,2571,Informatică,8.25
151,1201,Informatică,8.23
157,1207,Informatică,8.23
187,1246,Informatică,8.23
272,1347,Informatică,8.23
301,1383,Informatică,8.23
339,1437,Informatică,8.23
437,1558,Informatică,8.23
788,1963,Informatică,8.23
1466,2729,Informatică,8.23
4,1004,Informatică,8.19
34,1045,Informatică,8.19
120,1162,Informatică,8.19
177,1232,Informatică,8.19
414,1531,Matematică,8.19
487,1619,Informatică,8.19
770,1941,Informatică,8.19
963,2163,Matematică,8.19
991,2193,Informatică,8.19
1200,2439,Informatică,8.19
1208,2449,Informatică,8.19
213,1278,Informatică,8.18
277,1353,Matematică,8.18
304,1386,Matematică,8.18
319,1405,Informatică,8.18
378,1487,Matematică,8.18
489,1621,Informatică,8.18
512,1648,Informatică,8.18
638,1792,Matematică,8.18
649,1806,Informatică,8.18
758,1927,Matematică,8.18
867,2057,Informatică,8.18
964,2164,Informatică,8.18
1082,2302,Informatică,8.18
1113,2337,Informatică,8.18
1163,2395,Matematică,8.18
1176,2410,Informatică,8.18
1260,2507,Informatică,8.18
1476,2740,Matematică,8.18
668,1826,Informatică,8.17
1433,2695,Informatică,8.17
306,1388,Informatică,8.16
350,1450,Informatică,8.16
375,1481,Informatică,8.16
386,1502,Informatică,8.16
751,1920,Informatică,8.16
789,1964,Informatică,8.16
1156,2387,Informatică,8.16
644,1798,Informatică,8.15
127,1169,Informatică,8.13
1286,2533,Informatică,8.13
6,1006,Informatică,8.12
195,1258,Informatică,8.12
210,1273,Informatică,8.12
275,1351,Informatică,8.12
352,1453,Informatică,8.12
380,1495,Informatică,8.12
384,1500,Matematică,8.12
385,1501,Informatică,8.12
388,1504,Informatică,8.12
502,1637,Informatică,8.12
507,1642,Informatică,8.12
557,1702,Informatică,8.12
566,1713,Informatică,8.12
675,1834,Matematică,8.12
870,2060,Matematică,8.12
1130,2357,Matematică,8.12
1248,2494,Informatică,8.12
1313,2561,Matematică,8.12
1318,2566,Informatică,8.12
1335,2584,Matematică,8.12
1401,2658,Informatică,8.12
1448,2711,Informatică,8.12
582,1730,Informatică,8.11
98,1134,Informatică,8.10
362,1464,Informatică,8.10
404,1520,Informatică,8.10
606,1758,Informatică,8.10
618,1771,Informatică,8.10
3,1003,Informatică,8.06
51,1072,Informatică,8.06
200,1263,Informatică,8.06
251,1322,Matematică,8.06
367,1469,Informatică,8.06
422,1541,Informatică,8.06
438,1559,Matematică,8.06
572,1719,Informatică,8.06
622,1775,Informatică,8.06
779,1951,Informatică,8.06
877,2070,Informatică,8.06
1015,2219,Informatică,8.06
1027,2234,Informatică,8.06
1043,2252,Informatică,8.06
1053,2266,Informatică,8.06
1060,2277,Informatică,8.06
1103,2326,Informatică,8.06
1109,2333,Matematică,8.06
1421,2682,Matematică,8.06
52,1073,Informatică,8.04
1229,2475,Informatică,8.02
1343,2594,Informatică,8.02
47,1067,Informatică,8.00
83,1116,Matematică,8.00
180,1235,Informatică,8.00
334,1430,Matematică,8.00
392,1508,Informatică,8.00
476,1606,Informatică,8.00
496,1630,Informatică,8.00
556,1701,Informatică,8.00
596,1746,Informatică,8.00
639,1793,Informatică,8.00
685,1844,Informatică,8.00
799,1976,Informatică,8.00
863,2052,Informatică,8.00
892,2086,Informatică,8.00
901,2096,Informatică,8.00
974,2175,Informatică,8.00
1002,2205,Informatică,8.00
1145,2375,Informatică,8.00
1181,2416,Matematică,8.00
1267,2514,Informatică,8.00
1270,2517,Informatică,8.00
1315,2563,Informatică,8.00
1474,2738,Informatică,8.00
1475,2739,Informatică,8.00
56,1078,Informatică,7.98
148,1196,Informatică,7.98
202,1265,Informatică,7.98
245,1316,Matematică,7.98
327,1421,Informatică,7.98
373,1477,Informatică,7.98
754,1923,Informatică,7.98
775,1946,Informatică,7.98
965,2165,Informatică,7.98
331,1427,Informatică,7.96
860,2047,Informatică,7.96
894,2088,Informatică,7.96
1142,2370,Informatică,7.96
1162,2393,Informatică,7.96
278,1354,Informatică,7.94
374,1479,Informatică,7.94
712,1878,Matematică,7.94
822,2004,Informatică,7.94
985,2187,Informatică,7.94
1256,2503,Informatică,7.94
1402,2660,Informatică,7.94
85,1118,Informatică,7.93
94,1128,Informatică,7.93
113,1153,Informatică,7.93
198,1261,Informatică,7.93
427,1546,Informatică,7.93
452,1579,Matematică,7.93
666,1823,Informatică,7.93
804,1984,Matematică,7.93
855,2042,Matematică,7.93
1296,2543,Informatică,7.93
15,1018,Informatică,7.92
40,1054,Informatică,7.92
402,1518,Informatică,7.92
620,1773,Informatică,7.92
1246,2492,Informatică,7.92
1298,2545,Informatică,7.91
405,1521,Matematică,7.88
443,1570,Matematică,7.88
949,2149,Informatică,7.88
20,1025,Informatică,7.87
28,1037,Informatică,7.87
153,1203,Informatică,7.87
298,1378,Informatică,7.87
347,1447,Informatică,7.87
428,1547,Informatică,7.87
508,1643,Informatică,7.87
640,1794,Matematică,7.87
659,1816,Informatică,7.87
743,1911,Informatică,7.87
939,2138,Matematică,7.87
1160,2391,Informatică,7.87
1186,2422,Informatică,7.87
1262,2509,Informatică,7.87
1418,2679,Informatică,7.87
209,1272,Informatică,7.86
798,1975,Informatică,7.86
101,1138,Informatică,7.85
233,1301,Informatică,7.85
423,1542,Informatică,7.85
569,1716,Informatică,7.85
978,2179,Informatică,7.85
1471,2735,Informatică,7.85
889,2083,Informatică,7.83
1169,2403,Informatică,7.83
924,2122,Informatică,7.82
69,1100,Informatică,7.81
133,1178,Informatică,7.81
212,1276,Informatică,7.81
244,1314,Informatică,7.81
256,1328,Matematică,7.81
300,1382,Informatică,7.81
561,1707,Informatică,7.81
633,1786,Informatică,7.81
937,2136,Matematică,7.81
1031,2238,Informatică,7.81
1067,2284,Informatică,7.81
1072,2290,Informatică,7.81
1085,2305,Informatică,7.81
1116,2340,Informatică,7.81
1124,2350,Matematică,7.81
1225,2468,Informatică,7.81
1308,2556,Informatică,7.81
1332,2581,Informatică,7.81
1391,2647,Informatică,7.81
227,1292,Informatică,7.79
372,1476,Informatică,7.79
785,1958,Informatică,7.79
895,2089,Informatică,7.79
968,2168,Informatică,7.79
972,2173,Informatică,7.79
1087,2308,Informatică,7.79
1188,2424,Matematică,7.79
1352,2604,Informatică,7.79
525,1662,Informatică,7.77
1311,2559,Informatică,7.77
64,1092,Informatică,7.75
88,1121,Informatică,7.75
91,1125,Informatică,7.75
97,1133,Informatică,7.75
124,1166,Matematică,7.75
189,1251,Informatică,7.75
193,1256,Informatică,7.75
310,1394,Informatică,7.75
403,1519,Matematică,7.75
419,1538,Matematică,7.75
473,1602,Informatică,7.75
504,1639,Informatică,7.75
517,1654,Informatică,7.75
637,1791,Informatică,7.75
782,1955,Informatică,7.75
835,2017,Informatică,7.75
874,2064,Informatică,7.75
880,2073,Matematică,7.75
919,2116,Informatică,7.75
936,2135,Informatică,7.75
1005,2209,Informatică,7.75
1016,2220,Informatică,7.75
1020,2224,Matematică,7.75
1044,2254,Informatică,7.75
1104,2327,Matematică,7.75
1245,2491,Matematică,7.75
1300,2547,Matematică,7.75
1437,2699,Matematică,7.75
43,1060,Informatică,7.73
183,1240,Informatică,7.73
199,1262,Informatică,7.73
960,2160,Informatică,7.73
1157,2388,Informatică,7.73
1189,2425,Informatică,7.73
1446,2709,Informatică,7.73
1132,2359,Informatică,7.71
76,1109,Informatică,7.69
539,1678,Informatică,7.69
753,1922,Matematică,7.69
760,1930,Informatică,7.69
857,2044,Informatică,7.69
1150,2380,Informatică,7.69
1235,2481,Matematică,7.69
1477,2741,Matematică,7.69
1488,2758,Informatică,7.69
303,1385,Informatică,7.68
474,1603,Informatică,7.68
589,1737,Informatică,7.68
725,1893,Informatică,7.68
771,1942,Informatică,7.68
70,1101,Informatică,7.67
619,1772,Informatică,7.67
787,1960,Informatică,7.67
820,2002,Informatică,7.67
917,2113,Informatică,7.67
1337,2587,Informatică,7.67
390,1506,Informatică,7.66
1173,2407,Informatică,7.66
903,2098,Informatică,7.65
77,1110,Informatică,7.62
131,1176,Informatică,7.62
172,1227,Matematică,7.62
549,1692,Matematică,7.62
563,1709,Matematică,7.62
628,1781,Matematică,7.62
719,1886,Informatică,7.62
808,1988,Matematică,7.62
931,2130,Informatică,7.62
1172,2406,Informatică,7.62
1379,2635,Informatică,7.62
541,1682,Informatică,7.61
1030,2237,Informatică,7.61
283,1360,Informatică,7.60
516,1653,Informatică,7.60
533,1671,Informatică,7.60
584,1732,Informatică,7.60
953,2153,Informatică,7.60
1119,2344,Informatică,7.59
1342,2592,Informatică,7.57
117,1159,Matematică,7.56
142,1188,Informatică,7.56
196,1259,Informatică,7.56
246,1317,Matematică,7.56
253,1325,Informatică,7.56
366,1468,Informatică,7.56
621,1774,Matematică,7.56
631,1784,Informatică,7.56
657,1814,Matematică,7.56
670,1829,Matematică,7.56
680,1839,Matematică,7.56
738,1906,Informatică,7.56
834,2016,Informatică,7.56
839,2021,Informatică,7.56
943,2142,Informatică,7.56
961,2161,Informatică,7.56
1010,2214,Informatică,7.56
1207,2448,Informatică,7.56
1307,2555,Matematică,7.56
1348,2599,Matematică,7.56
1412,2673,Matematică,7.56
1472,2736,Informatică,7.56
672,1831,Informatică,7.54
1037,2246,Informatică,7.54
1073,2291,Informatică,7.54
82,1115,Informatică,7.52
1249,2495,Informatică,7.52
57,1079,Matematică,7.50
140,1186,Informatică,7.50
197,1260,Matematică,7.50
247,1318,Informatică,7.50
288,1367,Matematică,7.50
295,1375,Informatică,7.50
368,1472,Informatică,7.50
406,1522,Matematică,7.50
456,1583,Informatică,7.50
495,1628,Informatică,7.50
514,1650,Informatică,7.50
578,1725,Informatică,7.50
592,1742,Informatică,7.50
748,1917,Informatică,7.50
811,1992,Informatică,7.50
1138,2366,Informatică,7.50
1196,2434,Informatică,7.50
1216,2457,Informatică,7.50
1223,2466,Informatică,7.50
1319,2567,Informatică,7.50
1351,2603,Informatică,7.50
1366,2621,Matematică,7.50
1374,2630,Matematică,7.50
1407,2668,Informatică,7.50
32,1043,Informatică,7.48
1198,2436,Informatică,7.48
1258,2505,Informatică,7.48
1431,2693,Informatică,7.48
41,1057,Informatică,7.46
19,1023,Informatică,7.44
415,1532,Informatică,7.44
420,1539,Informatică,7.44
610,1763,Matematică,7.44
723,1891,Matematică,7.44
928,2126,Matematică,7.44
971,2172,Matematică,7.44
1003,2207,Informatică,7.44
1079,2299,Matematică,7.44
1454,2717,Informatică,7.44
424,1543,Matematică,7.43
513,1649,Matematică,7.43
537,1676,Matematică,7.43
580,1727,Informatică,7.43
761,1931,Matematică,7.43
995,2198,Informatică,7.43
1080,2300,Matematică,7.43
1297,2544,Informatică,7.43
1419,2680,Matematică,7.43
156,1206,Informatică,7.42
178,1233,Informatică,7.42
312,1397,Informatică,7.42
332,1428,Informatică,7.42
526,1663,Informatică,7.42
559,1704,Informatică,7.42
692,1855,Informatică,7.42
745,1914,Matematică,7.42
756,1925,Informatică,7.42
847,2031,Informatică,7.42
1084,2304,Informatică,7.41
123,1165,Informatică,7.38
713,1879,Informatică,7.38
1051,2264,Informatică,7.38
1222,2464,Informatică,7.38
1468,2731,Informatică,7.38
150,1199,Matematică,7.37
279,1355,Informatică,7.37
359,1461,Matematică,7.37
429,1548,Informatică,7.37
715,1881,Informatică,7.37
728,1896,Informatică,7.37
922,2120,Informatică,7.37
950,2150,Informatică,7.37
1089,2310,Matematică,7.37
1282,2529,Informatică,7.37
1439,2702,Informatică,7.37
654,1811,Informatică,7.36
154,1204,Informatică,7.35
479,1610,Informatică,7.35
957,2157,Informatică,7.35
1092,2313,Informatică,7.35
1139,2367,Informatică,7.34
752,1921,Informatică,7.33
1136,2364,Informatică,7.33
115,1156,Informatică,7.31
225,1290,Informatică,7.31
287,1365,Informatică,7.31
486,1618,Informatică,7.31
531,1668,Informatică,7.31
598,1749,Informatică,7.31
840,2023,Informatică,7.31
1018,2222,Informatică,7.31
1050,2263,Informatică,7.31
1194,2430,Matematică,7.31
1201,2440,Informatică,7.31
1338,2588,Matematică,7.31
1383,2639,Informatică,7.31
1438,2700,Matematică,7.31
1449,2712,Informatică,7.31
1482,2747,Informatică,7.31
160,1211,Informatică,7.29
400,1516,Informatică,7.29
462,1589,Informatică,7.29
482,1613,Informatică,7.29
703,1867,Informatică,7.29
837,2019,Informatică,7.29
954,2154,Informatică,7.29
940,2139,Informatică,7.27
1040,2249,Informatică,7.27
1118,2342,Informatică,7.26
1417,2678,Matematică,7.26
30,1039,Informatică,7.25
58,1081,Matematică,7.25
250,1321,Matematică,7.25
361,1463,Informatică,7.25
470,1599,Matematică,7.25
501,1636,Informatică,7.25
529,1666,Informatică,7.25
625,1778,Informatică,7.25
641,1795,Informatică,7.25
643,1797,Informatică,7.25
747,1916,Informatică,7.25
900,2095,Informatică,7.25
1065,2282,Informatică,7.25
1078,2298,Informatică,7.25
1202,2443,Informatică,7.25
1204,2445,Informatică,7.25
1289,2536,Matematică,7.25
222,1287,Informatică,7.23
267,1342,Informatică,7.23
611,1764,Informatică,7.23
881,2074,Informatică,7.23
908,2103,Informatică,7.23
1090,2311,Informatică,7.23
1330,2579,Informatică,7.23
1420,2681,Informatică,7.23
108,1148,Informatică,7.19
176,1231,Informatică,7.19
264,1339,Informatică,7.19
413,1529,Informatică,7.19
446,1573,Matematică,7.19
518,1655,Informatică,7.19
564,1710,Informatică,7.19
923,2121,Informatică,7.19
1063,2280,Informatică,7.19
1094,2315,Informatică,7.19
1097,2320,Informatică,7.19
1243,2489,Informatică,7.19
1274,2521,Informatică,7.19
1279,2526,Informatică,7.19
608,1761,Matematică,7.18
882,2075,Matematică,7.18
1213,2454,Informatică,7.18
1228,2474,Informatică,7.18
194,1257,Matematică,7.17
697,1860,Informatică,7.17
1178,2412,Informatică,7.17
1291,2538,Informatică,7.17
1293,2540,Informatică,7.17
1368,2623,Informatică,7.17
523,1660,Informatică,7.16
1356,2609,Informatică,7.16
478,1609,Informatică,7.13
679,1838,Matematică,7.13
898,2092,Informatică,7.13
1192,2428,Informatică,7.13
731,1899,Matematică,7.12
996,2199,Matematică,7.12
1034,2243,Informatică,7.12
1049,2262,Informatică,7.12
1363,2616,Informatică,7.12
1377,2633,Informatică,7.12
1386,2642,Informatică,7.12
1436,2698,Informatică,7.12
1456,2719,Informatică,7.12
294,1374,Informatică,7.11
1341,2591,Informatică,7.11
207,1270,Informatică,7.10
239,1307,Matematică,7.10
494,1627,Informatică,7.10
1153,2383,Informatică,7.08
897,2091,Informatică,7.07
107,1147,Informatică,7.06
230,1298,Informatică,7.06
348,1448,Informatică,7.06
381,1496,Informatică,7.06
409,1525,Matematică,7.06
455,1582,Informatică,7.06
540,1681,Informatică,7.06
551,1696,Informatică,7.06
700,1863,Informatică,7.06
791,1966,Matematică,7.06
817,1998,Matematică,7.06
989,2191,Informatică,7.06
993,2195,Matematică,7.06
1137,2365,Matematică,7.06
1247,2493,Matematică,7.06
1276,2523,Matematică,7.06
1309,2557,Informatică,7.06
1371,2627,Matematică,7.06
1424,2685,Matematică,7.06
292,1371,Informatică,7.04
383,1499,Informatică,7.04
546,1687,Informatică,7.04
801,1978,Informatică,7.04
921,2118,Informatică,7.04
1462,2725,Informatică,7.04
1411,2672,Informatică,7.02
25,1034,Informatică,7.00
236,1304,Matematică,7.00
358,1460,Informatică,7.00
408,1524,Matematică,7.00
687,1848,Informatică,7.00
691,1854,Informatică,7.00
696,1859,Matematică,7.00
714,1880,Informatică,7.00
812,1993,Informatică,7.00
907,2102,Informatică,7.00
977,2178,Informatică,7.00
1158,2389,Informatică,7.00
1303,2550,Matematică,7.00
1457,2720,Informatică,7.00
106,1146,Informatică,6.98
682,1841,Informatică,6.98
765,1936,Informatică,6.98
1101,2324,Informatică,6.98
299,1380,Informatică,6.96
1187,2423,Informatică,6.95
59,1083,Matematică,6.94
139,1184,Informatică,6.94
269,1344,Informatică,6.94
398,1514,Matematică,6.94
534,1672,Informatică,6.94
548,1690,Matematică,6.94
522,1659,Informatică,6.93
749,1918,Informatică,6.93
986,2188,Informatică,6.93
1415,2676,Informatică,6.93
629,1782,Informatică,6.92
741,1909,Informatică,6.92
846,2029,Informatică,6.92
81,1114,Informatică,6.91
416,1533,Informatică,6.91
16,1019,Informatică,6.90
1,1001,Informatică,6.89
365,1467,Informatică,6.89
263,1338,Matematică,6.88
440,1564,Matematică,6.88
947,2147,Informatică,6.88
1206,2447,Matematică,6.88
1278,2525,Informatică,6.88
1376,2632,Informatică,6.88
44,1063,Matematică,6.87
188,1247,Informatică,6.87
453,1580,Matematică,6.87
461,1588,Matematică,6.87
475,1605,Matematică,6.87
519,1656,Informatică,6.87
555,1700,Informatică,6.87
864,2054,Informatică,6.87
1001,2204,Informatică,6.87
1257,2504,Matematică,6.87
1326,2575,Informatică,6.87
1455,2718,Informatică,6.87
1465,2728,Matematică,6.87
1046,2258,Informatică,6.86
483,1615,Informatică,6.85
678,1837,Informatică,6.85
694,1857,Informatică,6.85
1071,2289,Informatică,6.85
1203,2444,Informatică,6.85
1404,2663,Informatică,6.85
1480,2745,Informatică,6.85
436,1557,Informatică,6.84
1394,2651,Informatică,6.83
103,1140,Informatică,6.81
164,1216,Informatică,6.81
338,1436,Matematică,6.81
401,1517,Informatică,6.81
515,1651,Matematică,6.81
642,1796,Informatică,6.81
810,1991,Informatică,6.81
930,2129,Informatică,6.81
1127,2353,Informatică,6.81
1380,2636,Matematică,6.81
698,1861,Informatică,6.79
958,2158,Informatică,6.79
1268,2515,Informatică,6.79
1024,2228,Informatică,6.77
1028,2235,Informatică,6.77
249,1320,Informatică,6.75
562,1708,Matematică,6.75
709,1875,Informatică,6.75
796,1973,Informatică,6.75
875,2067,Informatică,6.75
1013,2217,Informatică,6.75
1026,2233,Matematică,6.75
1083,2303,Matematică,6.75
1098,2321,Informatică,6.75
1133,2360,Informatică,6.75
1346,2597,Informatică,6.75
1478,2742,Informatică,6.75
119,1161,Informatică,6.73
126,1168,Matematică,6.73
138,1183,Informatică,6.73
613,1766,Matematică,6.73
757,1926,Informatică,6.73
1396,2653,Informatică,6.73
1443,2706,Informatică,6.73
1450,2713,Informatică,6.73
330,1425,Informatică,6.71
819,2000,Informatică,6.71
1215,2456,Informatică,6.71
46,1066,Informatică,6.69
78,1111,Matematică,6.69
458,1585,Matematică,6.69
587,1735,Informatică,6.69
612,1765,Informatică,6.69
635,1789,Matematică,6.69
1128,2355,Matematică,6.69
1254,2501,Informatică,6.69
1400,2657,Informatică,6.69
1410,2671,Informatică,6.69
418,1537,Informatică,6.68
441,1568,Informatică,6.68
505,1640,Matematică,6.68
591,1740,Matematică,6.68
807,1987,Informatică,6.68
851,2037,Matematică,6.68
944,2143,Matematică,6.68
1184,2419,Matematică,6.68
1441,2704,Matematică,6.68
1444,2707,Matematică,6.68
219,1284,Informatică,6.67
527,1664,Informatică,6.67
688,1849,Informatică,6.67
739,1907,Informatică,6.67
742,1910,Informatică,6.67
830,2012,Informatică,6.67
920,2117,Matematică,6.67
1068,2285,Informatică,6.67
1129,2356,Informatică,6.67
173,1228,Informatică,6.66
411,1527,Informatică,6.65
84,1117,Informatică,6.63
185,1243,Matematică,6.63
601,1753,Informatică,6.63
1105,2328,Informatică,6.63
1467,2730,Informatică,6.63
336,1433,Matematică,6.62
594,1744,Informatică,6.62
617,1770,Matematică,6.62
720,1887,Informatică,6.62
735,1903,Informatică,6.62
778,1950,Informatică,6.62
859,2046,Matematică,6.62
866,2056,Matematică,6.62
994,2196,Matematică,6.62
1210,2451,Matematică,6.62
1253,2499,Informatică,6.62
1416,2677,Informatică,6.62
370,1474,Informatică,6.61
790,1965,Informatică,6.61
1135,2363,Informatică,6.60
1403,2662,Informatică,6.60
1428,2690,Informatică,6.60
661,1818,Informatică,6.59
1110,2334,Informatică,6.59
1190,2426,Informatică,6.59
1000,2203,Informatică,6.58
316,1402,Informatică,6.57
63,1091,Informatică,6.56
130,1173,Informatică,6.56
211,1274,Matematică,6.56
536,1675,Matematică,6.56
616,1769,Matematică,6.56
724,1892,Matematică,6.56
858,2045,Matematică,6.56
955,2155,Matematică,6.56
1233,2479,Informatică,6.56
1240,2486,Informatică,6.56
1283,2530,Matematică,6.56
1302,2549,Matematică,6.56
128,1170,Informatică,6.54
215,1280,Informatică,6.54
773,1944,Informatică,6.54
784,1957,Informatică,6.54
969,2169,Informatică,6.54
1395,2652,Informatică,6.54
1399,2656,Informatică,6.54
850,2036,Informatică,6.52
886,2080,Informatică,6.52
1070,2288,Informatică,6.52
1125,2351,Informatică,6.52
1434,2696,Informatică,6.52
1461,2724,Informatică,6.52
109,1149,Informatică,6.50
158,1209,Informatică,6.50
204,1267,Informatică,6.50
243,1312,Informatică,6.50
268,1343,Matematică,6.50
721,1888,Matematică,6.50
746,1915,Matematică,6.50
772,1943,Matematică,6.50
992,2194,Informatică,6.50
1117,2341,Matematică,6.50
1154,2384,Informatică,6.50
1312,2560,Matematică,6.50
1347,2598,Informatică,6.50
18,1022,Informatică,6.48
435,1556,Informatică,6.48
1336,2586,Informatică,6.48
1427,2689,Informatică,6.48
664,1821,Informatică,6.46
1265,2512,Informatică,6.46
93,1127,Informatică,6.44
141,1187,Matematică,6.44
265,1340,Informatică,6.44
311,1395,Matematică,6.44
444,1571,Informatică,6.44
490,1622,Informatică,6.44
656,1813,Informatică,6.44
704,1868,Informatică,6.44
887,2081,Informatică,6.44
934,2133,Matematică,6.44
1038,2247,Informatică,6.44
1165,2397,Matematică,6.44
1177,2411,Matematică,6.44
1305,2552,Informatică,6.44
652,1809,Matematică,6.43
662,1819,Informatică,6.43
890,2084,Informatică,6.43
1035,2244,Matematică,6.43
290,1369,Informatică,6.42
314,1400,Informatică,6.42
1175,2409,Informatică,6.42
1185,2420,Informatică,6.41
129,1172,Matematică,6.38
1294,2541,Informatică,6.38
369,1473,Informatică,6.37
962,2162,Informatică,6.37
1120,2345,Matematică,6.37
1384,2640,Informatică,6.37
1489,2759,Informatică,6.37
1490,2760,Informatică,6.37
477,1607,Informatică,6.35
825,2007,Informatică,6.35
740,1908,Informatică,6.33
1019,2223,Informatică,6.33
883,2076,Matematică,6.32
1264,2511,Informatică,6.32
1373,2629,Matematică,6.32
1422,2683,Informatică,6.32
162,1213,Informatică,6.31
280,1356,Informatică,6.31
574,1721,Informatică,6.31
585,1733,Informatică,6.31
660,1817,Informatică,6.31
806,1986,Matematică,6.31
824,2006,Informatică,6.31
952,2152,Matematică,6.31
1149,2379,Matematică,6.31
1174,2408,Matematică,6.31
1320,2569,Informatică,6.31
1321,2570,Informatică,6.31
599,1750,Informatică,6.30
72,1103,Matematică,6.29
815,1996,Informatică,6.29
1281,2528,Informatică,6.29
1301,2548,Informatică,6.29
1430,2692,Informatică,6.29
307,1389,Matematică,6.25
324,1415,Informatică,6.25
632,1785,Matematică,6.25
1032,2240,Informatică,6.25
1100,2323,Informatică,6.25
1134,2361,Informatică,6.25
1199,2437,Matematică,6.25
1252,2498,Informatică,6.25
1255,2502,Informatică,6.25
1306,2553,Matematică,6.25
252,1324,Informatică,6.23
674,1833,Informatică,6.23
1091,2312,Informatică,6.23
1266,2513,Informatică,6.23
1425,2686,Informatică,6.23
73,1106,Informatică,6.19
80,1113,Informatică,6.19
104,1144,Matematică,6.19
255,1327,Informatică,6.19
393,1509,Matematică,6.19
553,1698,Informatică,6.19
869,2059,Matematică,6.19
1054,2267,Matematică,6.19
1191,2427,Matematică,6.19
1234,2480,Matematică,6.19
1334,2583,Informatică,6.19
1340,2590,Informatică,6.19
1382,2638,Matematică,6.19
66,1094,Matematică,6.18
1238,2484,Informatică,6.18
144,1192,Informatică,6.17
317,1403,Informatică,6.17
320,1409,Informatică,6.17
382,1498,Informatică,6.17
634,1788,Informatică,6.17
1389,2645,Informatică,6.17
605,1757,Informatică,6.13
1390,2646,Matematică,6.13
17,1020,Informatică,6.12
218,1283,Matematică,6.12
266,1341,Matematică,6.12
355,1457,Matematică,6.12
360,1462,Informatică,6.12
433,1553,Matematică,6.12
588,1736,Matematică,6.12
734,1902,Informatică,6.12
843,2026,Matematică,6.12
1212,2453,Matematică,6.12
1323,2572,Informatică,6.12
1353,2605,Informatică,6.12
1014,2218,Informatică,6.11
1045,2256,Informatică,6.11
831,2013,Informatică,6.10
1004,2208,Informatică,6.10
135,1180,Informatică,6.08
695,1858,Informatică,6.08
232,1300,Informatică,6.06
261,1335,Informatică,6.06
451,1578,Informatică,6.06
491,1623,Matematică,6.06
590,1738,Matematică,6.06
927,2125,Informatică,6.06
933,2132,Informatică,6.06
1007,2211,Informatică,6.06
1375,2631,Informatică,6.06
805,1985,Informatică,6.05
353,1455,Informatică,6.04
717,1884,Informatică,6.04
1487,2757,Matematică,6.04
509,1644,Informatică,6.02
604,1756,Informatică,6.02
79,1112,Informatică,6.00
318,1404,Informatică,5.98
1062,2279,Informatică,5.98
1328,2577,Informatică,5.98
1102,2325,Informatică,5.96
1432,2694,Informatică,5.96
174,1229,Matematică,5.94
690,1853,Informatică,5.94
763,1934,Informatică,5.94
1036,2245,Informatică,5.94
983,2185,Matematică,5.93
1123,2349,Matematică,5.93
1182,2417,Informatică,5.93
1385,2641,Informatică,5.93
397,1513,Informatică,5.92
693,1856,Informatică,5.92
1406,2667,Informatică,5.92
448,1575,Informatică,5.90
1061,2278,Informatică,5.90
560,1705,Informatică,5.88
647,1803,Matematică,5.88
472,1601,Informatică,5.87
624,1777,Informatică,5.87
744,1912,Matematică,5.87
793,1968,Matematică,5.87
1484,2750,Informatică,5.87
270,1345,Informatică,5.85
722,1889,Informatică,5.85
879,2072,Informatică,5.85
26,1035,Informatică,5.84
683,1842,Informatică,5.84
1447,2710,Informatică,5.84
190,1253,Informatică,5.82
1284,2531,Informatică,5.82
827,2009,Informatică,5.81
902,2097,Informatică,5.81
929,2127,Matematică,5.81
1055,2268,Matematică,5.81
1141,2369,Matematică,5.81
1423,2684,Informatică,5.81
37,1049,Informatică,5.79
95,1130,Informatică,5.79
325,1416,Matematică,5.79
1259,2506,Informatică,5.79
1317,2565,Matematică,5.79
1458,2721,Informatică,5.79
271,1346,Informatică,5.75
676,1835,Informatică,5.75
885,2078,Matematică,5.75
1093,2314,Informatică,5.75
1108,2332,Matematică,5.75
1288,2535,Matematică,5.75
1325,2574,Matematică,5.75
1460,2723,Matematică,5.75
297,1377,Informatică,5.71
1275,2522,Informatică,5.71
340,1438,Matematică,5.69
1244,2490,Informatică,5.69
1287,2534,Informatică,5.69
1316,2564,Informatică,5.69
542,1683,Matematică,5.68
1251,2497,Matematică,5.68
9,1010,Informatică,5.67
10,1011,Informatică,5.67
909,2105,Informatică,5.67
1074,2292,Informatică,5.67
733,1901,Informatică,5.63
1042,2251,Matematică,5.63
343,1441,Matematică,5.62
464,1592,Matematică,5.62
854,2041,Matematică,5.62
899,2094,Matematică,5.62
941,2140,Informatică,5.62
951,2151,Matematică,5.62
1381,2637,Informatică,5.62
1445,2708,Matematică,5.62
50,1071,Informatică,5.61
552,1697,Informatică,5.61
286,1364,Informatică,5.58
558,1703,Informatică,5.58
54,1076,Matematică,5.57
122,1164,Matematică,5.56
260,1333,Informatică,5.56
545,1686,Informatică,5.56
792,1967,Informatică,5.56
818,1999,Informatică,5.56
468,1597,Informatică,5.54
1112,2336,Informatică,5.54
1161,2392,Informatică,5.54
1239,2485,Informatică,5.54
112,1152,Informatică,5.50
363,1465,Informatică,5.50
997,2200,Matematică,5.50
329,1424,Matematică,5.49
1314,2562,Informatică,5.48
364,1466,Informatică,5.46
42,1058,Matematică,5.44
967,2167,Matematică,5.44
1099,2322,Matematică,5.44
1261,2508,Matematică,5.44
1358,2611,Matematică,5.44
1397,2654,Matematică,5.44
1493,2763,Matematică,5.44
948,2148,Informatică,5.42
74,1107,Informatică,5.41
737,1905,Matematică,5.38
1272,2519,Informatică,5.38
1329,2578,Informatică,5.38
1413,2674,Matematică,5.37
1459,2722,Matematică,5.37
750,1919,Informatică,5.36
1195,2432,Informatică,5.36
581,1729,Informatică,5.35
1277,2524,Informatică,5.35
38,1050,Informatică,5.34
132,1177,Informatică,5.31
224,1289,Matematică,5.31
302,1384,Matematică,5.31
497,1631,Informatică,5.31
755,1924,Matematică,5.31
1039,2248,Matematică,5.31
1122,2348,Matematică,5.31
1426,2687,Matematică,5.31
282,1359,Informatică,5.25
313,1399,Matematică,5.25
322,1412,Matematică,5.25
848,2032,Matematică,5.25
1066,2283,Matematică,5.25
1429,2691,Matematică,5.25
308,1392,Matematică,5.23
530,1667,Informatică,5.23
845,2028,Informatică,5.23
970,2170,Informatică,5.23
1344,2595,Informatică,5.21
161,1212,Matematică,5.19
586,1734,Matematică,5.19
1151,2381,Matematică,5.19
14,1017,Matematică,5.18
999,2202,Informatică,5.18
1144,2373,Matematică,5.18
449,1576,Informatică,5.17
981,2183,Informatică,5.15
1479,2744,Informatică,5.15
510,1646,Informatică,5.12
759,1929,Matematică,5.12
1069,2286,Informatică,5.12
1242,2488,Informatică,5.11
149,1198,Informatică,5.10
809,1990,Informatică,5.10
492,1625,Informatică,5.06
681,1840,Matematică,5.06
1059,2273,Matematică,5.06
1217,2458,Matematică,5.06
1232,2478,Informatică,5.06
60,1086,Matematică,5.04
813,1994,Informatică,5.04
912,2108,Informatică,5.00
1096,2319,Matematică,5.00
1469,2732,Matematică,5.00
826,2008,Informatică,4.98
1405,2664,Informatică,4.98
53,1074,Matematică,4.94
445,1572,Informatică,4.94
528,1665,Informatică,4.94
916,2112,Matematică,4.94
1183,2418,Matematică,4.94
1362,2615,Informatică,4.92
86,1119,Informatică,4.90
891,2085,Informatică,4.90
273,1349,Matematică,4.87
1292,2539,Matematică,4.87
653,1810,Informatică,4.86
1155,2385,Informatică,4.83
708,1873,Matematică,4.81
1166,2398,Informatică,4.81
1250,2496,Matematică,4.81
1273,2520,Matematică,4.81
865,2055,Matematică,4.79
147,1195,Matematică,4.75
167,1219,Informatică,4.75
228,1294,Matematică,4.75
570,1717,Matematică,4.75
1464,2727,Matematică,4.75
226,1291,Informatică,4.73
1057,2271,Informatică,4.73
906,2101,Informatică,4.69
13,1016,Matematică,4.62
1398,2655,Informatică,4.62
229,1297,Informatică,4.60
614,1767,Informatică,4.60
1360,2613,Informatică,4.60
48,1069,Informatică,4.58
105,1145,Matematică,4.56
565,1712,Matematică,4.56
727,1895,Informatică,4.56
1435,2697,Matematică,4.56
357,1459,Matematică,4.54
975,2176,Matematică,4.50
234,1302,Informatică,4.48
1339,2589,Informatică,4.44
1280,2527,Matematică,4.42
1483,2748,Informatică,4.42
27,1036,Matematică,4.37
702,1865,Matematică,4.35
23,1031,Matematică,4.31
1409,2670,Informatică,4.23
344,1442,Informatică,4.21
1227,2473,Matematică,4.19
1453,2716,Matematică,4.19
535,1673,Informatică,4.17
175,1230,Matematică,4.12
595,1745,Matematică,4.12
600,1751,Matematică,4.12
1440,2703,Matematică,3.94
1205,2446,Informatică,3.81
1350,2602,Informatică,3.81
1295,2542,Matematică,3.73
137,1182,Informatică,3.69
764,1935,Informatică,3.69
1372,2628,Matematică,3.69
237,1305,Matematică,3.67
873,2063,Matematică,3.62
729,1897,Informatică,3.60
673,1832,Informatică,3.56
1364,2618,Matematică,3.50
1442,2705,Matematică,3.50
1485,2752,Matematică,3.50
1006,2210,Matematică,3.44
1220,2461,Matematică,3.42
1180,2414,Matematică,3.23
134,1179,Matematică,3.18
169,1221,Matematică,3.12
1324,2573,Matematică,3.10
1022,2226,Matematică,3.04
776,1947,Matematică,3.00
171,1226,Matematică,2.94
1304,2551,Matematică,2.87
579,1726,Informatică,2.77
394,1510,Informatică,2.62
1452,2715,Matematică,2.31
